id,nombre,apellido,email,tel,pais
28479928,Vicente,Palacios,Ernesto6@gmail.com,975.919.798,Costa Rica
99041545,Andrea,Longoria,Agustn.Molina92@yahoo.com,947.438.004,Reino Unido
37456435,Marcela,Bravo,Teodoro18@hotmail.com,954.022.427,España
98529785,Ricardo,Amador,Carmen9@yahoo.com,992.474.920,Reino Unido
51862141,Raquel,Castañeda,Magdalena.Quezada64@gmail.com,980108720,Costa Rica
76836096,Lucas,Portillo,Diego.Anaya@gmail.com,931451102,Alemania
40620422,Catalina,Rosario,MaraElena54@yahoo.com,939.007.325,Alemania
47718821,Pablo,Quezada,Dbora.Castaeda67@hotmail.com,957699585,España
17086860,Carmen,Cadena,JosEmilio24@hotmail.com,942244185,Alemania
3997359,Lorenzo,Mejía,Ramona_Beltrn67@hotmail.com,949 220 513,Bélgica
78667748,Mónica,Salcedo,Blanca.Carvajal93@gmail.com,918 666 776,Reino Unido
9873264,Cecilia,Ávalos,Ramn65@gmail.com,967 747 710,Alemania
76592571,Alfredo,Calvillo,Ramona93@yahoo.com,993 759 288,Costa Rica
4181990,Carolina,Mora,Adriana60@hotmail.com,903.181.138,España
19267149,María Soledad,Riojas,Gloria42@yahoo.com,989-365-594,Bélgica
41138235,María Elena,Arredondo,Blanca_Cedillo@yahoo.com,920-438-559,España
64529715,Agustín,Peña,Yolanda.Urbina@hotmail.com,916-413-020,Bélgica
74022430,Martín,Garibay,Claudio_Ballesteros39@gmail.com,959.880.192,Bélgica
61455748,Emilia,Madrid,Carla_Madrid78@gmail.com,966.628.801,Costa Rica
82149797,Berta,Batista,AnaMara_Granado16@gmail.com,990-582-112,Costa Rica
85931074,Homero,Espinoza,Berta.Acosta40@gmail.com,955 168 252,Francia
19834759,Mercedes,Lemus,Gilberto.deAnda@hotmail.com,966952173,Alemania
14577937,Carlos,Niño,JuanCarlos.Pabn@gmail.com,992627212,Francia
97517782,Eduardo,Adorno,AnaLuisa_Soria@yahoo.com,993.826.385,Reino Unido
